"Relative Time (Process)","train50-dali-all-CPU-processing - system/gpu.0.gpu","train50-dali-all-CPU-processing - system/gpu.0.gpu__MIN","train50-dali-all-CPU-processing - system/gpu.0.gpu__MAX"
"15.614774591","0","0","0"
"30.615847169","0","0","0"
"45.615183289","83","83","83"
"60.615237775","87","87","87"
"75.615429983","86","86","86"
"90.61578739","80","80","80"
"105.61554183","97","97","97"
"120.615130383","91","91","91"
"135.615089879","81","81","81"
"150.616272079","87","87","87"
"165.616447335","86","86","86"
"180.614405807","93","93","93"
"195.614872911","83","83","83"
"210.615552422","89","89","89"
"225.616030122","88","88","88"
"240.614498811","79","79","79"
"255.61488984","94","94","94"
"270.615027765","76","76","76"
"285.619243214","84","84","84"
"300.615114205","93","93","93"
"315.614961762","82","82","82"
"330.61513227","92","92","92"
"345.616400598","96","96","96"
"360.615485631","69","69","69"
"375.615192952","59","59","59"
"390.614885838","95","95","95"
"405.615677919","95","95","95"
"420.616093486","91","91","91"
"435.615170667","92","92","92"
"450.615402871","77","77","77"
"465.615647734","91","91","91"
"480.617222092","86","86","86"
"495.614983415","84","84","84"
"510.615451296","56","56","56"
"525.615102967","86","86","86"
"540.615920193","74","74","74"
"555.615328336","87","87","87"
"570.614317645","94","94","94"
"585.615787066","75","75","75"
"600.615571734","93","93","93"
"615.61573188","87","87","87"
"630.614787502","78","78","78"
"645.615148455","90","90","90"
"660.615793988","89","89","89"
"675.616251488","97","97","97"
"690.615476967","71","71","71"
"705.615274374","97","97","97"
"720.615784983","93","93","93"
"735.617431043","84","84","84"
"750.615658411","94","94","94"
"765.615515526","88","88","88"
"780.614891914","88","88","88"
"795.615682738","89","89","89"
"810.615168222","90","90","90"
"825.614960645","91","91","91"
"840.615667764","88","88","88"
"855.615929056","79","79","79"
"870.615379339","87","87","87"
"885.614950748","90","90","90"
"900.615148144","94","94","94"
"915.617639431","89","89","89"
"930.614944849","89","89","89"
"945.614736154","80","80","80"
"960.616673732","91","91","91"
"975.6155521","75","75","75"
"990.615023082","91","91","91"
"1005.615002368","92","92","92"
"1020.616235247","84","84","84"
"1035.615301268","98","98","98"
"1050.615511032","85","85","85"
"1065.615316488","87","87","87"
"1080.615628588","92","92","92"
"1095.615139845","94","94","94"
"1110.615232563","89","89","89"
"1125.615789082","93","93","93"
"1140.616261571","90","90","90"
"1155.614798724","72","72","72"
"1170.614517949","96","96","96"
"1185.615387923","89","89","89"
"1200.618334407","91","91","91"
"1215.615210664","97","97","97"
"1230.615707239","92","92","92"
"1245.614878056","92","92","92"
"1260.617409382","81","81","81"
"1275.615067601","96","96","96"
"1290.615480881","72","72","72"
"1305.615878524","97","97","97"
"1320.617376177","94","94","94"
"1335.615625761","71","71","71"
"1350.615112362","81","81","81"
"1365.615730251","90","90","90"
"1380.617746971","98","98","98"
"1395.615092489","63","63","63"
"1410.614735409","95","95","95"
"1425.615765112","70","70","70"
"1440.615766139","85","85","85"
"1455.615038129","77","77","77"
"1470.615764277","79","79","79"
"1485.616193517","82","82","82"
"1500.617857655","89","89","89"
"1515.615564754","90","90","90"
"1530.615394287","92","92","92"
"1545.614934926","54","54","54"
"1560.617448641","93","93","93"
"1575.614680999","63","63","63"
"1590.615196035","85","85","85"
"1605.615166641","84","84","84"
"1620.617431979","91","91","91"
"1635.614682507","80","80","80"
"1650.615157603","86","86","86"
"1665.615100902","92","92","92"
"1680.61777775","83","83","83"
"1695.615074316","83","83","83"
"1710.614784651","90","90","90"
"1725.614744832","61","61","61"
"1740.616224167","89","89","89"
"1755.615187989","94","94","94"
"1770.615297538","88","88","88"
"1785.615382294","89","89","89"
"1800.616095729","77","77","77"
"1815.615598329","76","76","76"
"1830.615345838","88","88","88"
"1845.615539493","93","93","93"
"1860.618592156","87","87","87"
"1875.615142904","94","94","94"
"1890.614351875","92","92","92"
"1905.615421975","81","81","81"
"1920.61632007","98","98","98"
"1935.615176479","89","89","89"
"1950.615245885","82","82","82"
"1965.614649513","85","85","85"
"1980.615787722","85","85","85"
"1995.615171163","90","90","90"
"2010.615175151","88","88","88"
"2025.615435601","87","87","87"
"2040.616217436","76","76","76"
"2055.61484186","90","90","90"
"2070.615512379","85","85","85"
"2085.615101588","94","94","94"
"2100.621188783","91","91","91"
"2115.616236375","97","97","97"
"2130.614594287","90","90","90"
"2145.614685494","79","79","79"
"2160.616309623","90","90","90"
"2175.616086896","94","94","94"
"2190.615260933","87","87","87"
"2205.615530396","90","90","90"
"2220.615234567","72","72","72"
"2235.616754836","89","89","89"
"2250.614783596","91","91","91"
"2265.615181263","92","92","92"
"2280.615421358","83","83","83"
"2295.615854908","92","92","92"
"2310.615531001","94","94","94"
"2325.615502434","91","91","91"
"2340.615288709","94","94","94"
"2355.616052043","91","91","91"
"2370.615659345","80","80","80"
"2385.615159723","88","88","88"
"2400.615611296","86","86","86"
"2415.618597538","93","93","93"
"2430.615036485","90","90","90"
"2445.614839668","88","88","88"
"2460.615016233","88","88","88"
"2475.615482346","95","95","95"
"2490.615436386","83","83","83"
"2505.61452784","86","86","86"
"2520.6145075","91","91","91"
"2535.616200594","93","93","93"
"2550.615446","86","86","86"
"2565.614962032","86","86","86"
"2580.614527076","95","95","95"
"2595.615870425","85","85","85"
"2610.615984745","87","87","87"
"2625.615394043","98","98","98"
"2640.615527269","84","84","84"
"2655.615924199","88","88","88"
"2670.616552392","94","94","94"
"2685.615151696","82","82","82"
"2700.614871735","89","89","89"
"2715.617007143","80","80","80"
"2730.617358001","89","89","89"
"2745.61529198","83","83","83"
"2760.614721347","77","77","77"
"2775.615881411","91","91","91"
"2790.617063783","93","93","93"
"2805.615523795","81","81","81"
"2820.615409181","91","91","91"
"2835.615902695","95","95","95"
"2850.61741765","88","88","88"
"2865.614982861","88","88","88"
"2880.615649425","0","0","0"
"2895.61511431","92","92","92"
"2910.615754424","88","88","88"
"2925.616490134","89","89","89"
"2940.614798052","87","87","87"
"2955.614629078","88","88","88"
"2970.615468795","88","88","88"
"2985.615908209","95","95","95"
"3000.615907544","93","93","93"
"3015.615053012","93","93","93"
"3030.614950594","94","94","94"
"3045.61566195","83","83","83"
"3060.616008797","93","93","93"
"3075.61527632","89","89","89"
"3090.615270476","98","98","98"
"3105.615241941","98","98","98"
"3120.615811815","94","94","94"
"3135.617268606","70","70","70"
"3150.615289121","96","96","96"
"3165.614925456","89","89","89"
"3180.614927007","89","89","89"
"3195.615670006","99","99","99"
"3210.615380766","85","85","85"
"3225.615644252","89","89","89"
"3240.615420315","91","91","91"
"3255.614769634","87","87","87"
"3270.615605375","84","84","84"
"3285.615505587","87","87","87"
"3300.615535109","83","83","83"
"3315.615398962","86","86","86"
"3330.615284913","0","0","0"
"3345.615989163","92","92","92"
"3360.614677305","84","84","84"
"3375.615041856","89","89","89"
"3390.61706471","80","80","80"
"3405.618471889","84","84","84"
"3420.61481866","82","82","82"
"3435.614880364","86","86","86"
"3450.614987783","83","83","83"
"3465.617240246","93","93","93"
"3480.615118445","81","81","81"
"3495.61560595","68","68","68"
"3510.615547485","97","97","97"
"3525.615790835","77","77","77"
"3540.617070217","94","94","94"
"3555.615081096","93","93","93"
"3570.615234537","66","66","66"
"3585.615389514","90","90","90"
"3600.61548707","93","93","93"
"3615.615172209","73","73","73"
"3630.615421165","87","87","87"
"3645.615687842","93","93","93"
"3660.616652284","27","27","27"
"3675.616273326","88","88","88"
"3690.61532056","95","95","95"
"3705.615786905","95","95","95"
"3720.615476944","90","90","90"
"3735.617503076","89","89","89"
"3750.615059563","85","85","85"
"3765.615715945","92","92","92"
"3780.614979648","98","98","98"
"3795.616420778","99","99","99"
"3810.61523712","79","79","79"
"3825.614543177","89","89","89"
"3840.615580675","83","83","83"
"3855.616294475","91","91","91"
"3870.616048229","98","98","98"
"3885.614982478","78","78","78"
"3900.615588623","92","92","92"
"3915.615667796","83","83","83"
"3930.617329003","79","79","79"
"3945.615072057","91","91","91"
"3960.614544603","72","72","72"
"3975.614890382","84","84","84"
"3990.616522784","75","75","75"
"4005.615350516","86","86","86"
"4020.615440666","85","85","85"
"4035.614849377","73","73","73"
"4050.62083089","98","98","98"
"4065.615298257","60","60","60"
"4080.615097289","94","94","94"
"4095.61492635","94","94","94"
"4110.61576322","84","84","84"
"4125.616637754","90","90","90"
"4140.61466953","87","87","87"
"4155.614848284","86","86","86"
"4170.61510189","90","90","90"
"4185.617408167","81","81","81"
"4200.614443578","89","89","89"
"4215.614832095","94","94","94"
"4230.61544203","91","91","91"
"4245.615640684","88","88","88"
"4260.614990241","91","91","91"
"4275.614944107","88","88","88"
"4290.615174229","99","99","99"
"4305.616497594","76","76","76"
"4320.61609888","88","88","88"
"4335.61470168","79","79","79"
"4350.615118234","86","86","86"
"4365.616411072","89","89","89"
"4380.61699987","88","88","88"
"4395.614943795","84","84","84"
"4410.61587309","83","83","83"
"4425.615188624","93","93","93"
"4440.617732602","84","84","84"
"4455.614537182","88","88","88"
"4470.61523678","87","87","87"
"4485.615480917","90","90","90"
"4500.615749054","91","91","91"
"4515.615327107","91","91","91"
"4530.615348705","93","93","93"
"4545.615075559","90","90","90"
"4560.616359033","90","90","90"
"4575.616052044","96","96","96"
"4590.615455165","94","94","94"
"4605.61460272","81","81","81"
"4620.616378465","95","95","95"
"4635.617168557","90","90","90"
"4650.615345236","92","92","92"
"4665.614758256","89","89","89"
"4680.615099927","85","85","85"
"4695.618628105","90","90","90"
"4710.615418006","91","91","91"
"4725.615397958","90","90","90"
"4740.61512546","90","90","90"
"4755.618946453","94","94","94"
"4770.615474082","86","86","86"
"4785.61494893","85","85","85"
"4800.615271894","89","89","89"
"4815.61572379","96","96","96"
"4830.615388467","87","87","87"
"4845.615327247","92","92","92"
"4860.615313756","95","95","95"
"4875.616411029","88","88","88"
"4890.616735199","92","92","92"
"4905.615598197","79","79","79"
"4920.615662217","91","91","91"
"4935.615054692","82","82","82"
"4950.616857178","84","84","84"
"4965.614762032","100","100","100"
"4980.614996046","89","89","89"
"4995.615664223","88","88","88"
"5010.615833994","94","94","94"
"5025.614692503","94","94","94"
"5040.614705156","67","67","67"
"5055.616097718","93","93","93"
"5070.615036948","86","86","86"
"5085.615475697","89","89","89"
"5100.615673408","85","85","85"
"5115.616290902","94","94","94"
"5130.615642765","79","79","79"
"5145.615060759","90","90","90"
"5160.61500795","86","86","86"
"5175.616472868","88","88","88"
"5190.61564689","94","94","94"
"5205.615228572","83","83","83"
"5220.615567187","91","91","91"
"5235.615369893","78","78","78"
"5250.61485004","86","86","86"
"5265.615453712","86","86","86"
"5280.615481178","92","92","92"
"5295.622367276","89","89","89"
"5310.615163998","91","91","91"
"5325.615361925","80","80","80"
"5340.614768891","85","85","85"
"5355.615820214","76","76","76"
"5370.615305448","94","94","94"
"5385.615046778","91","91","91"
"5400.615364902","89","89","89"
"5415.618314126","98","98","98"
"5430.615202467","94","94","94"
"5445.614733835","95","95","95"
"5460.61517047","86","86","86"
"5475.616112791","90","90","90"
"5490.614891261","95","95","95"
"5505.615337549","96","96","96"
"5520.615619571","94","94","94"
"5535.616508125","94","94","94"
"5550.615451811","92","92","92"
"5565.615483657","88","88","88"
"5580.615549794","91","91","91"
"5595.616386515","91","91","91"
"5610.615287713","92","92","92"
"5625.614913038","86","86","86"
"5640.61552705","85","85","85"
"5655.616243168","74","74","74"
"5670.614937199","58","58","58"
"5685.615255235","72","72","72"
"5700.614529433","79","79","79"
"5715.615580296","95","95","95"
"5730.614969973","89","89","89"
"5745.614859639","87","87","87"
"5760.615523782","90","90","90"
"5775.616164064","95","95","95"
"5790.615609606","88","88","88"
"5805.614543935","83","83","83"
"5820.615231049","88","88","88"
"5835.616491043","83","83","83"
"5850.615870254","87","87","87"
"5865.61526176","77","77","77"
"5880.615401339","96","96","96"
"5895.616305957","95","95","95"
"5910.615229231","90","90","90"
"5925.614964075","76","76","76"
"5940.615535635","92","92","92"
"5955.615970073","90","90","90"
"5970.616590046","68","68","68"
"5985.61519133","88","88","88"
"6000.614848918","90","90","90"
"6015.615984651","68","68","68"
"6030.617320028","86","86","86"
"6045.615458085","84","84","84"
"6060.615199554","82","82","82"
"6075.614785534","99","99","99"
"6090.617507249","83","83","83"
"6105.615288716","91","91","91"
"6120.614925631","91","91","91"
"6135.615415075","72","72","72"
"6150.616294583","90","90","90"
"6165.615547064","54","54","54"
"6180.614823379","88","88","88"
"6195.614661184","73","73","73"
"6210.615702959","86","86","86"
"6225.614994629","90","90","90"
"6240.614618425","82","82","82"
"6255.615002693","94","94","94"
"6270.616114963","83","83","83"
"6285.615249693","89","89","89"
"6300.614940401","93","93","93"
"6315.615033088","87","87","87"
"6330.616242749","85","85","85"
"6345.615486763","66","66","66"
"6360.614920917","88","88","88"
"6375.615406237","84","84","84"
"6390.616207744","96","96","96"
"6405.616442306","77","77","77"
"6420.615661863","93","93","93"
"6435.615653833","54","54","54"
"6450.615901886","93","93","93"
"6465.617433325","88","88","88"
"6480.614789448","99","99","99"
"6495.614994238","92","92","92"
"6510.615307392","87","87","87"
"6525.618676038","88","88","88"
"6540.615222081","97","97","97"
"6555.615653234","93","93","93"
"6570.615373994","89","89","89"
"6585.615733162","79","79","79"
"6600.615323174","90","90","90"
"6615.615165965","86","86","86"
"6630.615064897","94","94","94"
"6645.61908219","89","89","89"
"6660.615461349","99","99","99"
"6675.615399656","90","90","90"
"6690.61485833","74","74","74"
"6705.616292575","92","92","92"
"6720.61566406","91","91","91"
"6735.614700301","89","89","89"
"6750.614995647","93","93","93"
"6765.616816236","87","87","87"
"6780.616051912","79","79","79"
"6795.614787028","70","70","70"
"6810.61566317","92","92","92"
"6825.615973434","98","98","98"
"6840.616920077","94","94","94"
"6855.615333668","90","90","90"
"6870.614749388","92","92","92"
"6885.615844765","79","79","79"
"6900.617285885","90","90","90"
"6915.614702143","82","82","82"
"6930.615042109","70","70","70"
"6945.61536036","69","69","69"
"6960.618066637","72","72","72"
"6975.615161315","86","86","86"
"6990.615187914","86","86","86"
"7005.615344609","93","93","93"
"7020.616508361","89","89","89"
"7035.615634152","80","80","80"
"7050.615081137","89","89","89"
"7065.615125549","89","89","89"
"7080.616821162","91","91","91"
"7095.617247517","91","91","91"
"7110.615068807","88","88","88"
"7125.615108222","94","94","94"
"7140.615880771","92","92","92"
"7155.619113802","97","97","97"
"7170.615072214","88","88","88"
"7185.614974933","85","85","85"
"7200.614733039","80","80","80"
"7215.616305817","95","95","95"
"7230.615476294","79","79","79"
"7245.614865087","88","88","88"
"7260.615518097","86","86","86"
"7275.615404676","87","87","87"
"7290.616844857","66","66","66"
"7305.615233963","93","93","93"
"7320.615056186","73","73","73"
"7335.614753019","83","83","83"
"7350.615754509","97","97","97"
"7365.614989764","93","93","93"
"7380.615119933","79","79","79"
"7395.615526999","87","87","87"
"7410.616774592","88","88","88"
"7425.615642706","92","92","92"
"7440.615463431","79","79","79"
"7455.614914016","95","95","95"
"7470.616248926","93","93","93"
"7485.616498529","77","77","77"
"7500.615589868","96","96","96"
"7515.615620557","92","92","92"
"7530.615181327","94","94","94"
"7545.617892262","89","89","89"
"7560.614906147","90","90","90"
"7575.615065993","81","81","81"
"7590.615125023","89","89","89"
"7605.615673831","75","75","75"
"7620.614787829","90","90","90"
"7635.61496605","92","92","92"
"7650.615377432","92","92","92"
"7665.616198995","89","89","89"
"7680.61611555","98","98","98"
"7695.614881132","89","89","89"
"7710.615594841","80","80","80"
"7725.616106483","96","96","96"
"7740.615752969","90","90","90"
"7755.615642346","82","82","82"
"7770.615417195","87","87","87"
"7785.615131685","98","98","98"
"7800.61817701","89","89","89"
"7815.614977035","74","74","74"
"7830.61581291","96","96","96"
"7845.61550558","93","93","93"
"7860.616197722","87","87","87"
"7875.61573313","91","91","91"
"7890.615466179","93","93","93"
"7905.614917325","93","93","93"
"7920.616260694","91","91","91"
"7935.615384895","93","93","93"
"7950.615014188","82","82","82"
"7965.614733864","92","92","92"
"7980.615614479","98","98","98"
"7995.61670705","86","86","86"
"8010.61549618","93","93","93"
"8025.614940916","95","95","95"
"8040.616198635","87","87","87"
"8055.617693602","88","88","88"
"8070.615363271","93","93","93"
"8085.615102379","88","88","88"
"8100.615693427","90","90","90"
"8115.617031146","88","88","88"
"8130.615425689","77","77","77"
"8145.615186208","70","70","70"
"8160.615104697","93","93","93"
"8175.617483436","86","86","86"
"8190.615150683","90","90","90"
"8205.614871288","99","99","99"
"8220.61558192","87","87","87"
"8235.615913223","89","89","89"
"8250.615449771","39","39","39"
"8265.615260877","92","92","92"
"8280.615321511","92","92","92"
"8295.616330513","88","88","88"
"8310.616687345","80","80","80"
"8325.61451958","89","89","89"
"8340.614797628","89","89","89"
"8355.615310784","98","98","98"
"8370.617699514","79","79","79"
"8385.615315826","76","76","76"
"8400.614861597","91","91","91"
"8415.614864129","93","93","93"
"8430.619042438","94","94","94"
"8445.614846541","91","91","91"
"8460.615344533","89","89","89"
"8475.61540382","92","92","92"
"8490.615696293","84","84","84"
"8505.615374341","94","94","94"
"8520.615656358","81","81","81"
"8535.615227002","87","87","87"
"8550.615712686","82","82","82"
"8565.615843698","94","94","94"
"8580.615192945","80","80","80"
"8595.615550808","90","90","90"
"8610.616507589","91","91","91"
"8625.615129054","92","92","92"
"8640.614597058","84","84","84"
"8655.615421415","71","71","71"
"8670.619161888","93","93","93"
"8685.615764421","89","89","89"
"8700.614818941","93","93","93"
"8715.615664868","94","94","94"
"8730.614886521","89","89","89"
"8745.616067345","92","92","92"
"8760.614712678","94","94","94"
"8775.615487225","91","91","91"
"8790.61488946","81","81","81"
"8805.615783499","93","93","93"
"8820.614935","85","85","85"
"8835.615477282","89","89","89"
"8850.61503271","88","88","88"
"8865.616164078","88","88","88"
"8880.615053298","87","87","87"
"8895.615132178","87","87","87"
"8910.614786578","98","98","98"
"8925.615952297","88","88","88"
"8940.616807149","95","95","95"
"8955.614858211","94","94","94"
"8970.61501811","91","91","91"
"8985.614505665","83","83","83"
"9000.618077618","89","89","89"
"9015.615577225","0","0","0"
"9030.615717135","87","87","87"
"9045.615347822","94","94","94"
"9060.620347703","77","77","77"
"9075.615067232","62","62","62"
"9090.615580296","81","81","81"
"9105.614971634","87","87","87"
"9120.61578363","90","90","90"
"9135.617762936","81","81","81"
"9150.615377331","85","85","85"
"9165.614743616","84","84","84"
"9180.614716892","91","91","91"
"9195.616088255","93","93","93"
"9210.616157817","75","75","75"
"9225.614748955","91","91","91"
"9240.615434872","94","94","94"
"9255.615386674","96","96","96"
"9270.616156629","94","94","94"
"9285.61492863","71","71","71"
"9300.615166762","95","95","95"
"9315.614905815","73","73","73"
"9330.616458881","95","95","95"
"9345.616176376","77","77","77"
"9360.6144994","87","87","87"
"9375.615498027","92","92","92"
"9390.615255594","85","85","85"
"9405.618699646","87","87","87"
"9420.615027763","91","91","91"
"9435.615095974","91","91","91"
"9450.614769753","71","71","71"
"9465.615879138","93","93","93"
"9480.615356633","85","85","85"
"9495.615460925","92","92","92"
"9510.615149768","83","83","83"
"9525.616227138","91","91","91"
"9540.616950472","77","77","77"
"9555.615486316","88","88","88"
"9570.615169087","93","93","93"
"9585.614997616","85","85","85"
"9600.616487797","92","92","92"
"9615.614567334","95","95","95"
"9630.615667844","83","83","83"
"9645.614951457","87","87","87"
"9660.615854557","99","99","99"
"9675.616068113","92","92","92"
"9690.615052898","86","86","86"
"9705.615459497","92","92","92"
"9720.616731962","86","86","86"
"9735.618154144","85","85","85"
"9750.615588727","88","88","88"
"9765.614681075","93","93","93"
"9780.615325364","98","98","98"
"9795.615936526","86","86","86"
"9810.614892523","94","94","94"
"9825.615203202","85","85","85"
"9840.614819132","72","72","72"
"9855.615748931","90","90","90"
"9870.61581933","85","85","85"
"9885.615514447","84","84","84"
"9900.615092394","79","79","79"
"9915.616021714","90","90","90"
"9930.617651463","78","78","78"
"9945.614820467","91","91","91"
"9960.615667139","89","89","89"
"9975.614954914","88","88","88"
"9990.616521919","90","90","90"
"10005.615686474","63","63","63"
"10020.615383333","91","91","91"
"10035.615022673","88","88","88"
"10050.616111099","88","88","88"
"10065.615977151","90","90","90"
"10080.614719705","65","65","65"
"10095.614790788","90","90","90"
"10110.616306175","93","93","93"
"10125.616854412","94","94","94"
"10140.615116311","80","80","80"
"10155.614684415","77","77","77"
"10170.615405344","70","70","70"
"10185.616000165","93","93","93"
"10200.61469661","82","82","82"
"10215.614751042","94","94","94"
"10230.615175898","83","83","83"
"10245.61589961","94","94","94"
"10260.615326266","90","90","90"
"10275.615092978","88","88","88"
"10290.615198175","75","75","75"
"10305.615736584","81","81","81"
"10320.617110678","84","84","84"
"10335.615153296","93","93","93"
"10350.615697385","91","91","91"
"10365.617285784","84","84","84"
"10380.618539811","88","88","88"
"10395.615028551","89","89","89"
"10410.615176962","94","94","94"
"10425.615507572","93","93","93"
"10440.616161866","89","89","89"
"10455.61540462","95","95","95"
"10470.615062442","87","87","87"
"10485.615447191","89","89","89"
"10500.616698222","75","75","75"
"10515.614916831","87","87","87"
"10530.61477754","100","100","100"
"10545.615691172","94","94","94"
"10560.614627633","91","91","91"
"10575.617366563","92","92","92"
"10590.614761138","70","70","70"
"10605.615282531","89","89","89"
"10620.615003534","86","86","86"
"10635.61604567","81","81","81"
"10650.615312086","93","93","93"
"10665.614973522","89","89","89"
"10680.614561804","96","96","96"
"10695.615709249","99","99","99"
"10710.615362144","88","88","88"
"10725.615467757","58","58","58"
"10740.614957013","92","92","92"
"10755.616183071","93","93","93"
"10770.616418556","86","86","86"
"10785.615150338","80","80","80"
"10800.615515127","86","86","86"
"10815.615201361","88","88","88"
"10830.617326684","95","95","95"
"10845.615642906","71","71","71"
"10860.615376624","81","81","81"
"10875.615659546","83","83","83"
"10890.616633016","76","76","76"
"10905.615609254","84","84","84"
"10920.614913431","90","90","90"
"10935.615595742","94","94","94"
"10950.616527931","94","94","94"
"10965.615892915","97","97","97"
"10980.61534456","94","94","94"
"10995.615332196","72","72","72"
"11010.61680501","85","85","85"
"11025.617347933","92","92","92"
"11040.61501971","0","0","0"
"11055.615689015","96","96","96"
"11070.614846985","89","89","89"
"11085.617079378","93","93","93"
"11100.615630285","97","97","97"
"11115.615477168","88","88","88"
"11130.616335037","87","87","87"
"11145.615813028","87","87","87"
"11160.615258498","90","90","90"
"11175.614881843","75","75","75"
"11190.615930141","98","98","98"
"11205.615532135","77","77","77"
"11220.615536752","89","89","89"
"11235.615405365","90","90","90"
"11250.616286654","94","94","94"
"11265.614701915","94","94","94"
"11280.614707481","91","91","91"
"11295.614830292","93","93","93"
"11310.615406794","90","90","90"
"11325.615191728","91","91","91"
"11340.615219395","85","85","85"
"11355.616356523","90","90","90"
"11370.616851031","74","74","74"
"11385.615160748","82","82","82"
"11400.614540995","91","91","91"
"11415.616129813","41","41","41"
"11430.616373805","84","84","84"
"11445.615711585","90","90","90"
"11460.61519087","54","54","54"
"11475.61501656","87","87","87"
"11490.616871596","82","82","82"
"11505.61458235","91","91","91"
"11520.615451852","91","91","91"
"11535.615925004","70","70","70"
"11550.616090106","67","67","67"
"11565.614578915","92","92","92"
"11580.615571113","86","86","86"
"11595.621523474","86","86","86"
"11610.616529203","89","89","89"
"11625.615529859","96","96","96"
"11640.615538714","93","93","93"
"11655.616567551","74","74","74"
"11670.615977361","90","90","90"
"11685.615647362","94","94","94"
"11700.615173625","89","89","89"
"11715.616179972","90","90","90"
"11730.615732713","90","90","90"
"11745.615110746","94","94","94"
"11760.615043487","85","85","85"
"11775.615803434","91","91","91"
"11790.616249901","90","90","90"
"11805.614803595","84","84","84"
"11820.615478872","91","91","91"
"11835.61640899","83","83","83"
"11850.616612276","85","85","85"
"11865.615861751","89","89","89"
"11880.614901555","56","56","56"
"11895.615026994","79","79","79"
"11910.616852048","75","75","75"
"11925.615236217","88","88","88"
"11940.615278219","69","69","69"
"11955.615783265","90","90","90"
"11970.616837776","83","83","83"
"11985.615588287","82","82","82"
"12000.61505091","80","80","80"
"12015.614624381","87","87","87"
"12030.617593483","87","87","87"
"12045.614737054","84","84","84"
"12060.615373568","73","73","73"
"12075.615181397","91","91","91"
"12090.618183056","82","82","82"
"12105.614883214","99","99","99"
"12120.614982774","84","84","84"
"12135.615489768","94","94","94"
"12150.616297777","96","96","96"
"12165.615721455","88","88","88"
"12180.615107513","95","95","95"
"12195.616070835","88","88","88"
"12210.619786652","84","84","84"
"12225.615737653","69","69","69"
"12240.615417426","89","89","89"
"12255.615049338","98","98","98"
"12270.615830365","91","91","91"
"12285.614975066","70","70","70"
"12300.614952409","86","86","86"
"12315.614780338","83","83","83"
"12330.61560426","91","91","91"
"12345.615680792","88","88","88"
"12360.615566582","93","93","93"
"12375.615467222","89","89","89"
"12390.615029893","91","91","91"
"12405.616531598","96","96","96"
"12420.615039136","74","74","74"
"12435.614953989","70","70","70"
"12450.616459587","94","94","94"
"12465.617396023","89","89","89"
"12480.6147968","90","90","90"
"12495.615061333","97","97","97"
"12510.614874437","61","61","61"
"12525.61763451","85","85","85"
"12540.614815936","90","90","90"
"12555.615409031","87","87","87"
"12570.614910569","83","83","83"
"12585.618571737","82","82","82"
"12600.615587943","93","93","93"
"12615.615411684","97","97","97"
"12630.615033931","72","72","72"
"12645.616511662","84","84","84"
"12660.615328395","93","93","93"
"12675.615182414","91","91","91"
"12690.614765815","78","78","78"
"12705.615675333","83","83","83"
"12720.615247613","91","91","91"
"12735.614872797","83","83","83"
"12750.614969192","93","93","93"
"12765.615992353","76","76","76"
"12780.61625458","94","94","94"
"12795.614845819","89","89","89"
"12810.615246489","83","83","83"
"12825.616524668","87","87","87"
"12840.617263819","91","91","91"
"12855.61566395","88","88","88"
"12870.615386703","91","91","91"
"12885.615771724","89","89","89"
"12900.617030536","92","92","92"
"12915.614533771","88","88","88"
"12930.614706807","97","97","97"
"12945.615613092","90","90","90"
"12960.617993686","82","82","82"
"12975.614817716","76","76","76"
"12990.615405567","94","94","94"
"13005.615623448","65","65","65"
"13020.615938609","92","92","92"
"13035.615685653","74","74","74"
"13050.615627164","85","85","85"
"13065.6146379","86","86","86"
"13080.616579003","62","62","62"
"13095.615843671","78","78","78"
"13110.615484309","91","91","91"
"13125.615450587","86","86","86"
"13140.616317512","78","78","78"
"13155.616440827","95","95","95"
"13170.614785327","91","91","91"
"13185.61650118","0","0","0"
"13200.614636663","92","92","92"
"13215.617150048","92","92","92"
"13230.614605627","82","82","82"
"13245.615225575","81","81","81"
"13260.61536213","68","68","68"
"13275.618663395","93","93","93"
"13290.615307669","73","73","73"
"13305.615397121","88","88","88"
"13320.615678818","93","93","93"
"13335.616407618","85","85","85"
"13350.615721429","94","94","94"
"13365.615250232","93","93","93"
"13380.614812308","85","85","85"
"13395.616776521","67","67","67"
"13410.616315062","87","87","87"
"13425.615338474","91","91","91"
"13440.615734854","95","95","95"
"13455.616423229","84","84","84"
"13470.616066935","94","94","94"
"13485.614764106","81","81","81"
"13500.615046053","89","89","89"
"13515.615297863","0","0","0"
"13530.615637194","87","87","87"
"13545.614685194","91","91","91"
"13560.614877201","91","91","91"
"13575.614903486","90","90","90"
"13590.616523887","87","87","87"
"13605.615090774","93","93","93"
"13620.615245559","87","87","87"
"13635.615365218","92","92","92"
"13650.616001198","59","59","59"
"13665.615951149","96","96","96"
"13680.615191358","84","84","84"
"13695.61515086","87","87","87"
"13710.616357306","89","89","89"
"13725.617233353","92","92","92"
"13740.614760257","74","74","74"
"13755.615267561","96","96","96"
"13770.615920374","83","83","83"
"13785.618055396","84","84","84"
"13800.614505682","93","93","93"
"13815.615461668","90","90","90"
"13830.615303412","87","87","87"
"13845.615884985","82","82","82"
"13860.614856947","85","85","85"
"13875.615066335","84","84","84"
"13890.614929006","92","92","92"
"13905.616115255","95","95","95"
"13920.61515331","92","92","92"
"13935.615074827","83","83","83"
"13950.615393641","80","80","80"
"13965.616673333","89","89","89"
"13980.616321281","93","93","93"
"13995.614887648","89","89","89"
"14010.615367532","93","93","93"
"14025.615607272","91","91","91"
"14040.617194046","86","86","86"
"14055.615701127","93","93","93"
"14070.614715573","73","73","73"
"14085.615102011","86","86","86"
"14100.618315389","88","88","88"
"14115.615226441","92","92","92"
"14130.615156448","94","94","94"
"14145.614566265","98","98","98"
"14160.616058932","85","85","85"
"14175.615165867","91","91","91"
"14190.615754342","81","81","81"
"14205.614889699","93","93","93"
"14220.616391264","78","78","78"
"14235.6152491","100","100","100"
"14250.615679978","71","71","71"
"14265.615161092","96","96","96"
"14280.616539367","84","84","84"
"14295.616133796","91","91","91"
"14310.6150492","75","75","75"
"14325.614905003","94","94","94"
"14340.61509703","71","71","71"
"14355.617126362","69","69","69"
"14370.614965985","94","94","94"
"14385.615647821","82","82","82"
"14400.616101469","94","94","94"
"14415.617984089","93","93","93"
"14430.615221104","97","97","97"
"14445.615518294","82","82","82"
"14460.615653263","91","91","91"
"14475.615882056","89","89","89"
"14490.614900322","66","66","66"
"14505.614565546","88","88","88"
"14520.614756782","92","92","92"
"14535.615897744","82","82","82"
"14550.615387636","89","89","89"
"14565.615380988","87","87","87"
"14580.61478223","93","93","93"
"14595.616283916","86","86","86"
"14610.61636672","93","93","93"
"14625.615374591","98","98","98"
"14640.615106435","89","89","89"
"14655.615772472","93","93","93"
"14670.617049476","93","93","93"
"14685.61555875","72","72","72"
"14700.615678061","92","92","92"
"14715.614921111","84","84","84"
"14730.618488374","91","91","91"
"14745.615185782","94","94","94"
"14760.614563546","65","65","65"
"14775.615207306","86","86","86"
"14790.616218328","83","83","83"
"14805.614544081","88","88","88"
"14820.614760696","93","93","93"
"14835.615072538","85","85","85"
"14850.615558867","91","91","91"
"14865.614937882","87","87","87"
"14880.615649531","92","92","92"
"14895.615418147","90","90","90"
"14910.615761064","94","94","94"
"14925.614901511","95","95","95"
"14940.614670665","82","82","82"
"14955.61496252","86","86","86"
"14970.616806724","73","73","73"
"14985.615658655","93","93","93"
"15000.615006942","85","85","85"
"15015.615293046","86","86","86"
"15030.615587627","68","68","68"
"15045.618516728","91","91","91"
"15060.615649892","94","94","94"
"15075.61512969","88","88","88"
"15090.615291245","95","95","95"
"15105.615871084","76","76","76"
"15120.615150867","85","85","85"
"15135.61569034","86","86","86"
"15150.614708801","91","91","91"
"15165.616288889","96","96","96"
"15180.615469718","78","78","78"
"15195.614678385","94","94","94"
"15210.615529704","84","84","84"
"15225.616071165","74","74","74"
"15240.616179589","92","92","92"
"15255.615450137","72","72","72"
"15270.614668069","80","80","80"
"15285.616337023","66","66","66"
"15300.617563018","82","82","82"
"15315.61586025","73","73","73"
"15330.615038541","89","89","89"
"15345.614758083","84","84","84"
"15360.61880859","95","95","95"
"15375.615600766","96","96","96"
"15390.615278235","74","74","74"
"15405.615467539","93","93","93"
"15420.615789897","94","94","94"
"15435.615157226","97","97","97"
"15450.614686074","85","85","85"
"15465.615090408","94","94","94"
"15480.616399914","82","82","82"
"15495.615357901","84","84","84"
"15510.615750319","92","92","92"
"15525.615091754","70","70","70"
"15540.616980767","79","79","79"
"15555.616902326","87","87","87"
"15570.615026431","89","89","89"
"15585.615085249","82","82","82"
"15600.614661969","87","87","87"
"15615.616355546","79","79","79"
"15630.615558443","88","88","88"
"15645.614952377","87","87","87"
"15660.615562667","89","89","89"
"15675.61688489","85","85","85"
"15690.614870416","91","91","91"
"15705.615680934","74","74","74"
"15720.614929164","91","91","91"
"15735.61582302","83","83","83"
"15750.615313877","89","89","89"
"15765.615402004","70","70","70"
"15780.615317385","83","83","83"
"15795.616422701","90","90","90"
"15810.615677276","94","94","94"
"15825.615347222","85","85","85"
"15840.615133281","87","87","87"
"15855.615242103","84","84","84"
"15870.617247299","94","94","94"
"15885.615627394","94","94","94"
"15900.615172783","81","81","81"
"15915.615533583","88","88","88"
"15930.61834122","88","88","88"
"15945.614791196","96","96","96"
"15960.61492082","93","93","93"
"15975.614953425","87","87","87"
"15990.617067668","89","89","89"
"16005.615355015","81","81","81"
"16020.615073052","91","91","91"
"16035.615083143","96","96","96"
"16050.616567941","84","84","84"
"16065.61555356","88","88","88"
"16080.61464451","92","92","92"
"16095.614873001","98","98","98"
"16110.618708618","86","86","86"
"16125.616175307","93","93","93"
"16140.615313838","95","95","95"
"16155.615107927","89","89","89"
"16170.616463181","100","100","100"
"16185.617312697","90","90","90"
"16200.614682904","95","95","95"
"16215.615233645","72","72","72"
"16230.615898826","94","94","94"
"16245.615645853","98","98","98"
"16260.615188055","85","85","85"
"16275.615322488","90","90","90"
"16290.615036756","98","98","98"
"16305.616027898","83","83","83"
"16320.615021516","90","90","90"
"16335.615054042","66","66","66"
"16350.614653324","92","92","92"
"16365.616052708","93","93","93"
"16380.615592241","79","79","79"
"16395.61501285","94","94","94"
"16410.614901944","89","89","89"
"16425.615214814","94","94","94"
"16440.616139859","91","91","91"
"16455.61520678","80","80","80"
"16470.615558049","82","82","82"
"16485.61557492","85","85","85"
"16500.61774746","91","91","91"
"16515.61471538","90","90","90"
"16530.615703524","90","90","90"
"16545.615150253","91","91","91"
"16560.615847704","81","81","81"
"16575.615180498","80","80","80"
"16590.615220249","94","94","94"
"16605.615239314","90","90","90"
"16620.619708727","92","92","92"
"16635.614970747","82","82","82"
"16650.615458511","88","88","88"
"16665.615101109","91","91","91"
"16680.61601011","92","92","92"
"16695.614988522","96","96","96"
"16710.615642247","89","89","89"
"16725.615346153","94","94","94"
"16740.616164475","92","92","92"
"16755.616260132","92","92","92"
"16770.614504871","94","94","94"
"16785.615608268","98","98","98"
"16800.61535311","87","87","87"
"16815.617447001","90","90","90"
"16830.6150003","82","82","82"
"16845.614678207","92","92","92"
"16860.614555798","94","94","94"
"16875.617164631","0","0","0"
"16890.614404317","94","94","94"
"16905.615167384","92","92","92"
"16920.615132943","85","85","85"
"16935.616153681","92","92","92"
"16950.615510067","92","92","92"
"16965.615420431","89","89","89"
"16980.615657794","85","85","85"
"16995.616776237","86","86","86"
"17010.61485342","93","93","93"
"17025.614652108","70","70","70"
"17040.615207042","90","90","90"
"17055.616015108","99","99","99"
"17070.615030412","57","57","57"
"17085.615541572","80","80","80"
"17100.615176469","88","88","88"
"17115.616311509","90","90","90"
"17130.617469163","56","56","56"
"17145.61476265","81","81","81"
"17160.615298661","88","88","88"
"17175.615318837","87","87","87"
"17190.617825473","92","92","92"
"17205.615276426","69","69","69"
"17220.615374021","93","93","93"
"17235.615160756","79","79","79"
"17250.619938667","82","82","82"
"17265.615691213","78","78","78"
"17280.615419817","74","74","74"
"17295.615506743","90","90","90"
"17310.616589976","94","94","94"
"17325.616015614","96","96","96"
"17340.615546033","80","80","80"
"17355.615328231","88","88","88"
"17370.615870795","72","72","72"
"17385.617518788","90","90","90"
"17400.615665408","95","95","95"
"17415.614534522","83","83","83"
"17430.614964971","82","82","82"
"17445.616452076","84","84","84"
"17460.614494206","95","95","95"
"17475.615126047","89","89","89"
"17490.614546203","90","90","90"
"17505.616098465","85","85","85"
"17520.617122488","89","89","89"
"17535.614605234","89","89","89"
"17550.615321218","91","91","91"
"17565.615404263","91","91","91"
"17580.617025646","70","70","70"
"17595.615000723","78","78","78"
"17610.615792285","88","88","88"
"17625.614899936","76","76","76"
"17640.616911702","92","92","92"
"17655.614897358","83","83","83"
"17670.615186408","94","94","94"
"17685.614673029","99","99","99"
"17700.616232805","88","88","88"
"17715.614918107","83","83","83"
"17730.614975375","78","78","78"
"17745.615338225","81","81","81"
"17760.616514148","94","94","94"
"17775.615901855","91","91","91"
"17790.614865265","85","85","85"
"17805.614934187","90","90","90"
"17820.616388497","86","86","86"
"17835.617772273","89","89","89"
"17850.615360292","93","93","93"
"17865.615070562","95","95","95"
"17880.61517577","81","81","81"
"17895.619280493","100","100","100"
"17910.614648939","88","88","88"
"17925.614851684","87","87","87"
"17940.614911124","89","89","89"
"17955.616120945","96","96","96"
"17970.61538733","72","72","72"
"17985.6147041","89","89","89"
"18000.614960021","76","76","76"
"18015.616151699","89","89","89"
"18030.615851926","92","92","92"
"18045.61553375","73","73","73"
"18060.614731407","86","86","86"
"18075.615262112","89","89","89"
"18090.61682023","93","93","93"
"18105.614499519","93","93","93"
"18120.615482627","91","91","91"
"18135.614699566","80","80","80"
"18150.615571318","78","78","78"
"18165.61543537","93","93","93"
"18180.615154044","84","84","84"
"18195.61527014","99","99","99"
"18210.616363895","78","78","78"
"18225.614821862","88","88","88"
"18240.614580313","89","89","89"
"18255.614532542","90","90","90"
"18270.61592525","92","92","92"
"18285.615501818","88","88","88"
"18300.614718727","98","98","98"
"18315.615026271","91","91","91"
"18330.615313018","90","90","90"
"18345.61658628","93","93","93"
"18360.614985103","92","92","92"
"18375.615316039","91","91","91"
"18390.615841078","97","97","97"
"18405.616274982","92","92","92"
"18420.614979559","78","78","78"
"18435.61529698","88","88","88"
"18450.614770556","91","91","91"
"18465.615591402","70","70","70"
"18480.61488077","86","86","86"
"18495.615478573","80","80","80"
"18510.614872078","78","78","78"
"18525.620310662","84","84","84"
"18540.615089425","59","59","59"
"18555.615486796","77","77","77"
"18570.615045747","92","92","92"
"18585.616402642","97","97","97"
"18600.615845412","91","91","91"
"18615.614410454","92","92","92"
"18630.615068558","97","97","97"
"18645.616274366","58","58","58"
"18660.616828911","92","92","92"
"18675.614936051","89","89","89"
"18690.615448514","94","94","94"
"18705.615916967","67","67","67"
"18720.617827922","87","87","87"
"18735.615072743","90","90","90"
"18750.614395831","60","60","60"
"18765.61569643","95","95","95"
"18780.61626852","91","91","91"
"18795.615252882","93","93","93"
"18810.615314397","91","91","91"
"18825.615482063","84","84","84"
"18840.616077753","79","79","79"
"18855.615903729","75","75","75"
"18870.615015644","88","88","88"
"18885.614491891","92","92","92"
"18900.618742535","75","75","75"
"18915.616195424","95","95","95"
"18930.614987111","96","96","96"
"18945.615040462","71","71","71"
"18960.615832884","74","74","74"
"18975.617519608","96","96","96"
"18990.615479296","76","76","76"
"19005.615545564","93","93","93"
"19020.615085556","87","87","87"
"19035.615557801","88","88","88"
"19050.615056384","91","91","91"
"19065.614856868","91","91","91"
"19080.615531588","87","87","87"
"19095.616263472","94","94","94"
"19110.615382648","96","96","96"
"19125.614466062","88","88","88"
"19140.615068096","95","95","95"
"19155.616214766","93","93","93"
"19170.6166679","93","93","93"
"19185.615539431","90","90","90"
"19200.615698044","84","84","84"
"19215.614930312","86","86","86"
"19230.616973463","90","90","90"
"19245.615116038","90","90","90"
"19260.615063138","86","86","86"
"19275.614667876","45","45","45"
"19290.617996275","90","90","90"
"19305.615082032","95","95","95"
"19320.614727851","67","67","67"
"19335.614499022","76","76","76"
"19350.616153209","85","85","85"
"19365.615433327","89","89","89"
"19380.615274046","94","94","94"
"19395.615543808","95","95","95"
"19410.615829016","90","90","90"
"19425.615624967","74","74","74"
"19440.614693673","91","91","91"
"19455.615350362","96","96","96"
"19470.616144561","81","81","81"
"19485.615615387","91","91","91"
"19500.615734606","86","86","86"
"19515.615310285","96","96","96"
"19530.615451233","90","90","90"
"19545.616422213","86","86","86"
"19560.615510587","93","93","93"
"19575.614639212","90","90","90"
"19590.614781347","88","88","88"
"19605.617266463","89","89","89"
"19620.61506981","94","94","94"
"19635.615535758","93","93","93"
"19650.615075738","97","97","97"
"19665.616083163","92","92","92"
"19680.615546329","92","92","92"
"19695.615633821","86","86","86"
"19710.615632281","92","92","92"
"19725.615514181","80","80","80"
"19740.615000781","94","94","94"
"19755.615104898","88","88","88"
"19770.615407665","88","88","88"
"19785.620674533","94","94","94"
"19800.616019079","71","71","71"
"19815.61519039","92","92","92"
"19830.614531853","89","89","89"
"19845.616180312","96","96","96"
"19860.615424324","87","87","87"
"19875.61514908","82","82","82"
"19890.615416286","86","86","86"
"19905.615984452","89","89","89"
"19920.617227118","89","89","89"
"19935.615372333","91","91","91"
"19950.615317222","100","100","100"
"19965.614929478","80","80","80"
"19980.615827775","88","88","88"
"19995.615190961","93","93","93"
"20010.615158316","90","90","90"
"20025.615206357","89","89","89"
"20040.616211848","89","89","89"
"20055.614942123","92","92","92"
"20070.615353037","96","96","96"
"20085.615394252","92","92","92"
"20100.616442814","96","96","96"
"20115.615720597","93","93","93"
"20130.615511493","96","96","96"
"20145.614916537","91","91","91"
"20160.615821368","87","87","87"
"20175.615863962","95","95","95"
"20190.615433994","80","80","80"
"20205.615424002","85","85","85"
"20220.615579263","77","77","77"
"20235.617285672","92","92","92"
"20250.614606128","87","87","87"
"20265.614990993","86","86","86"
"20280.615640226","87","87","87"
"20295.618390871","77","77","77"
"20310.615186311","87","87","87"
"20325.615454879","80","80","80"
"20340.614838914","89","89","89"
"20355.615437764","63","63","63"
"20370.614962067","90","90","90"
"20385.615332484","90","90","90"
"20400.614955298","96","96","96"
"20415.620837425","90","90","90"
"20430.616098624","76","76","76"
"20445.615151213","98","98","98"
"20460.615285292","81","81","81"
"20475.615396967","91","91","91"
"20490.616193384","87","87","87"
"20505.615250632","91","91","91"
"20520.614565409","89","89","89"
"20535.615058234","86","86","86"
"20550.615620962","93","93","93"
"20565.615130811","68","68","68"
"20580.615399907","83","83","83"
"20595.615187516","88","88","88"
"20610.618670128","83","83","83"
"20625.614622549","86","86","86"
"20640.614995292","83","83","83"
"20655.614910354","72","72","72"
"20670.615726942","84","84","84"
"20685.615396941","95","95","95"
"20700.614998858","82","82","82"
"20715.614705746","82","82","82"
"20730.616061867","93","93","93"
"20745.615798073","92","92","92"
"20760.614806874","89","89","89"
"20775.61500463","95","95","95"
"20790.61605713","88","88","88"
"20805.616592855","91","91","91"
"20820.61484555","84","84","84"
"20835.614821457","92","92","92"
"20850.615061173","90","90","90"
"20865.615954421","91","91","91"
"20880.615624766","94","94","94"
"20895.614622325","74","74","74"
"20910.615334205","89","89","89"
"20925.615593157","68","68","68"
"20940.614922514","70","70","70"
"20955.615057858","75","75","75"
"20970.615019613","71","71","71"
"20985.616267777","68","68","68"
"21000.615681118","75","75","75"
"21015.615439075","70","70","70"
"21030.614626371","66","66","66"
"21045.616199059","59","59","59"
"21060.616719389","65","65","65"
"21075.615179168","76","76","76"
"21090.615128217","72","72","72"
"21105.614792535","69","69","69"
"21120.616524935","65","65","65"
"21135.615149827","70","70","70"
"21150.614401973","70","70","70"
"21165.614801751","69","69","69"
"21180.61798863","65","65","65"
"21195.615096921","72","72","72"
"21210.615018408","72","72","72"
"21225.615573382","74","74","74"
"21240.615686633","66","66","66"
"21255.614656819","76","76","76"
"21270.614970449","66","66","66"
"21285.614991544","64","64","64"
"21300.615956009","71","71","71"
"21315.616684499","68","68","68"
"21330.614994774","59","59","59"
"21345.61554725","69","69","69"
"21360.615424919","71","71","71"
"21375.616599557","70","70","70"
"21390.615268836","74","74","74"
"21405.615006385","74","74","74"
"21420.615225967","70","70","70"
"21435.616231421","75","75","75"
"21450.615554218","73","73","73"
"21465.614928557","76","76","76"
"21480.614380201","78","78","78"
"21495.615226996","39","39","39"
"21510.617202201","66","66","66"
"21525.614800289","67","67","67"
"21540.615050006","69","69","69"
"21555.615359208","70","70","70"
"21570.616659286","63","63","63"
"21585.61513751","73","73","73"
"21600.614655821","71","71","71"
"21615.614841559","72","72","72"
"21630.619279358","70","70","70"
"21645.617141298","69","69","69"
"21660.615404701","73","73","73"
"21675.615198419","72","72","72"
"21690.615458361","71","71","71"
"21705.61877808","69","69","69"
"21720.615057714","67","67","67"
"21735.614698087","73","73","73"
"21750.615423737","82","82","82"
"21765.615490521","0","0","0"
"21780.615461437","0","0","0"
"21795.614837081","0","0","0"
"21810.614959165","73","73","73"
"21825.615296313","81","81","81"
"21840.617167284","88","88","88"
"21855.615018634","89","89","89"
"21870.614529485","81","81","81"
"21885.615314528","91","91","91"
"21900.615885199","95","95","95"
"21915.614584877","90","90","90"
"21930.614936335","83","83","83"
"21945.615559128","77","77","77"
"21960.616031268","89","89","89"
"21975.616184579","78","78","78"
"21990.615212919","94","94","94"
"22005.615044511","93","93","93"
"22020.616117157","90","90","90"
"22035.617548896","84","84","84"
"22050.614939321","76","76","76"
"22065.615577594","93","93","93"
"22080.615626222","86","86","86"
"22095.618739295","97","97","97"
"22110.615379574","90","90","90"
"22125.61551894","88","88","88"
"22140.614541011","82","82","82"
"22155.61578946","83","83","83"
"22170.615270872","86","86","86"
"22185.615544971","94","94","94"
"22200.614841451","93","93","93"
"22215.616528853","94","94","94"
"22230.616852383","78","78","78"
"22245.615832537","83","83","83"
"22260.614903049","93","93","93"
"22275.614799631","80","80","80"
"22290.61603821","88","88","88"
"22305.615689167","80","80","80"
"22320.614639007","88","88","88"
"22335.614960465","72","72","72"
"22350.619881388","91","91","91"
"22365.61542444","91","91","91"
"22380.614785739","91","91","91"
"22395.61491997","88","88","88"
"22410.61613621","84","84","84"
"22425.616275411","90","90","90"
"22440.615315851","93","93","93"
"22455.615103459","91","91","91"
"22470.615134934","88","88","88"
"22485.617237577","96","96","96"
"22500.614948091","72","72","72"
"22515.614759879","80","80","80"
"22530.614812567","77","77","77"
"22545.61625707","81","81","81"
"22560.615281437","91","91","91"
"22575.614641705","94","94","94"
"22590.61547188","85","85","85"
"22605.616079012","92","92","92"
"22620.615448602","82","82","82"
"22635.615862675","65","65","65"
"22650.615600709","80","80","80"
"22665.615894992","93","93","93"
"22680.616540742","95","95","95"
"22695.615365025","83","83","83"
"22710.614973693","94","94","94"
"22725.615900437","90","90","90"
"22740.617188552","89","89","89"
"22755.615252555","73","73","73"
"22770.614645969","88","88","88"
"22785.615593409","79","79","79"
"22800.616250358","92","92","92"
"22815.615063171","88","88","88"
"22830.615005132","72","72","72"
"22845.615498429","89","89","89"
"22860.616818087","89","89","89"
"22875.615477695","91","91","91"
"22890.615191613","87","87","87"
"22905.61480963","94","94","94"
"22920.615772593","73","73","73"
"22935.617262981","88","88","88"
"22950.615456165","92","92","92"
"22965.615434374","85","85","85"
"22980.616786378","86","86","86"
"22995.616679479","59","59","59"
"23010.615563001","87","87","87"
"23025.615650263","95","95","95"
"23040.615280305","77","77","77"
"23055.615315231","79","79","79"
"23070.615001906","87","87","87"
"23085.615307595","79","79","79"
"23100.614716081","91","91","91"
"23115.615827846","78","78","78"
"23130.615373667","78","78","78"
"23145.614647758","86","86","86"
"23160.615513556","86","86","86"
"23175.616633255","100","100","100"
"23190.616625182","92","92","92"
"23205.61555497","94","94","94"
"23220.614821425","85","85","85"
"23235.615972008","79","79","79"
"23250.615237733","0","0","0"
"23265.61542653","81","81","81"
"23280.615528285","86","86","86"
"23295.615451897","75","75","75"
"23310.615421415","82","82","82"
"23325.614955493","91","91","91"
"23340.614756009","82","82","82"
"23355.615651512","72","72","72"
"23370.617588173","87","87","87"
"23385.614890987","89","89","89"
"23400.614750514","91","91","91"
"23415.614731616","93","93","93"
"23430.617840789","88","88","88"
"23445.61565024","86","86","86"
"23460.615061256","93","93","93"
"23475.615622046","87","87","87"
"23490.616795344","78","78","78"
"23505.616013578","72","72","72"
"23520.615121981","81","81","81"
"23535.614783547","91","91","91"
"23550.616422067","73","73","73"
"23565.616602662","87","87","87"
"23580.615663187","88","88","88"
"23595.615376868","82","82","82"
"23610.61558094","94","94","94"
"23625.61756538","91","91","91"
"23640.61491539","87","87","87"
"23655.615365374","92","92","92"
"23670.615938995","94","94","94"
"23685.61500579","90","90","90"
"23700.615468434","93","93","93"
"23715.615163496","78","78","78"
"23730.615267959","63","63","63"
"23745.617434265","94","94","94"
"23760.615222059","91","91","91"
"23775.615038776","90","90","90"
"23790.615075078","95","95","95"
"23805.615736167","93","93","93"
"23820.615425931","95","95","95"
"23835.614635239","73","73","73"
"23850.615576926","89","89","89"
"23865.618459385","70","70","70"
"23880.615527642","88","88","88"
"23895.615413946","93","93","93"
"23910.614998902","89","89","89"
"23925.61818147","94","94","94"
"23940.616187831","91","91","91"
"23955.614629115","96","96","96"
"23970.614661374","82","82","82"
"23985.615776045","88","88","88"
"24000.616654833","88","88","88"
"24015.61485695","98","98","98"
"24030.615429792","85","85","85"
"24045.615476401","89","89","89"
"24060.617520437","86","86","86"
"24075.615302878","92","92","92"
"24090.61514175","87","87","87"
"24105.615153343","70","70","70"
"24120.615817132","90","90","90"
"24135.615262153","68","68","68"
"24150.615159186","75","75","75"
"24165.614706726","89","89","89"
"24180.616227041","91","91","91"
"24195.61536816","92","92","92"
"24210.614887215","93","93","93"
"24225.615094298","74","74","74"
"24240.62128253","85","85","85"
"24255.616312424","90","90","90"
"24270.615270567","85","85","85"
"24285.614419461","85","85","85"
"24300.615315105","87","87","87"
"24315.616387993","88","88","88"
"24330.615199313","84","84","84"
"24345.615202906","77","77","77"
"24360.615506728","93","93","93"
"24375.615782237","97","97","97"
"24390.615529094","94","94","94"
"24405.615050124","77","77","77"
"24420.615016471","91","91","91"
"24435.615894381","86","86","86"
"24450.621321634","89","89","89"
"24465.615067096","85","85","85"
"24480.614841498","87","87","87"
"24495.615899797","89","89","89"
"24510.615424274","96","96","96"
"24525.614612412","80","80","80"
"24540.615564799","68","68","68"
"24555.61633002","100","100","100"
"24570.61599528","90","90","90"
"24585.614544257","81","81","81"
"24600.61559991","89","89","89"
"24615.616755653","93","93","93"
"24630.615408802","88","88","88"
"24645.615244902","92","92","92"
"24660.615157798","93","93","93"
"24675.615865505","91","91","91"
"24690.61783334","93","93","93"
"24705.615039372","90","90","90"
"24720.615444856","86","86","86"
"24735.61525231","90","90","90"
"24750.61635821","89","89","89"
"24765.614512448","91","91","91"
"24780.615540123","63","63","63"
"24795.614959647","92","92","92"
"24810.616129636","98","98","98"
"24825.615230598","91","91","91"
"24840.615192837","75","75","75"
"24855.614924004","89","89","89"
"24870.615946444","98","98","98"
"24885.616866915","85","85","85"
"24900.61502529","88","88","88"
"24915.615418873","80","80","80"
"24930.615881589","89","89","89"
"24945.616930887","89","89","89"
"24960.615552653","92","92","92"
"24975.615480378","91","91","91"
"24990.615389694","88","88","88"
"25005.615624881","90","90","90"
"25020.615006612","75","75","75"
"25035.614698373","92","92","92"
"25050.615675052","78","78","78"
"25065.616083564","85","85","85"
"25080.615050335","94","94","94"
"25095.615739484","72","72","72"
"25110.614721353","89","89","89"
"25125.616235901","71","71","71"
"25140.615930318","73","73","73"
"25155.615226037","94","94","94"
"25170.615013594","76","76","76"
"25185.616620172","89","89","89"
"25200.617099357","92","92","92"
"25215.615351496","78","78","78"
"25230.615550265","44","44","44"
"25245.615277902","93","93","93"
"25260.617436313","93","93","93"
"25275.615428729","94","94","94"
"25290.615351132","67","67","67"
"25305.614934321","82","82","82"
"25320.617611971","91","91","91"
"25335.615279699","69","69","69"
"25350.614980916","80","80","80"
"25365.6148102","92","92","92"
"25380.61649881","94","94","94"
"25395.615249049","93","93","93"
"25410.614702588","93","93","93"
"25425.615095375","92","92","92"
"25440.61668299","89","89","89"
"25455.615107228","87","87","87"
"25470.615344229","90","90","90"
"25485.614986199","84","84","84"
"25500.619118536","96","96","96"
"25515.614882111","92","92","92"
"25530.615314537","87","87","87"
"25545.614568172","89","89","89"
"25560.617406743","89","89","89"
"25575.61503672","77","77","77"
"25590.614910639","90","90","90"
"25605.615490762","90","90","90"
"25620.616515689","91","91","91"
"25635.614904156","84","84","84"
"25650.615527046","87","87","87"
"25665.616332645","93","93","93"
"25680.615968477","88","88","88"
"25695.614798295","92","92","92"
"25710.614898708","88","88","88"
"25725.616585105","75","75","75"
"25740.615644399","98","98","98"
"25755.615529906","93","93","93"
"25770.615093681","90","90","90"
"25785.616561569","91","91","91"
"25800.615578154","77","77","77"
"25815.615679073","88","88","88"
"25830.615669535","89","89","89"
"25845.617663966","94","94","94"
"25860.615612373","72","72","72"
"25875.614536844","79","79","79"
"25890.614749789","93","93","93"
"25905.61757935","93","93","93"
"25920.615099961","96","96","96"
"25935.615354304","93","93","93"
"25950.615012691","83","83","83"
"25965.615075821","0","0","0"
"25980.61485989","85","85","85"
"25995.615340251","74","74","74"
"26010.615395184","93","93","93"
"26025.616162217","94","94","94"
"26040.615784214","91","91","91"
"26055.614706427","86","86","86"
"26070.615127956","88","88","88"
"26085.62025892","87","87","87"
"26100.615600598","69","69","69"
"26115.615188232","93","93","93"
"26130.615147572","75","75","75"
"26145.615795256","95","95","95"
"26160.615670942","30","30","30"
"26175.614801952","88","88","88"
"26190.615011803","88","88","88"
"26205.616444663","85","85","85"
"26220.614644629","89","89","89"
"26235.614952423","70","70","70"
"26250.614727523","85","85","85"
"26265.616708866","85","85","85"
"26280.615680451","90","90","90"
"26295.615257327","79","79","79"
"26310.615104917","91","91","91"
"26325.616939918","91","91","91"
"26340.615975086","92","92","92"
"26355.615577314","86","86","86"
"26370.615183472","86","86","86"
"26385.616040305","93","93","93"
"26400.61487209","76","76","76"
"26415.614787956","71","71","71"
"26430.615077284","82","82","82"
"26445.616496189","83","83","83"
"26460.616151273","92","92","92"
"26475.615231043","76","76","76"
"26490.615097617","93","93","93"
"26505.615261467","95","95","95"
"26520.616743512","95","95","95"
"26535.614424207","89","89","89"
"26550.614833254","88","88","88"
"26565.615320478","91","91","91"
"26580.617268893","91","91","91"
"26595.615620065","81","81","81"
"26610.614927274","79","79","79"
"26625.615341479","83","83","83"
"26640.617861742","90","90","90"
"26655.615604458","90","90","90"
"26670.615586314","76","76","76"
"26685.614846318","91","91","91"
"26700.618683972","89","89","89"
"26715.615020364","89","89","89"
"26730.615378842","58","58","58"
"26745.614993009","77","77","77"
"26760.617906583","93","93","93"
"26775.614697785","88","88","88"
"26790.614953138","91","91","91"
"26805.615522721","94","94","94"
"26820.616294432","94","94","94"
"26835.615389157","88","88","88"
"26850.61535192","93","93","93"
"26865.615176171","81","81","81"
"26880.616511322","97","97","97"
"26895.6157956","84","84","84"
"26910.614697764","92","92","92"
"26925.61477438","88","88","88"
"26940.61631968","96","96","96"
"26955.615871655","82","82","82"
"26970.615082834","89","89","89"
"26985.615273194","84","84","84"
"27000.616341888","74","74","74"
"27015.616246168","91","91","91"
"27030.614678724","100","100","100"
"27045.6147838","87","87","87"
"27060.61650773","86","86","86"
"27075.616729448","84","84","84"
"27090.615270414","83","83","83"
"27105.614912116","92","92","92"
"27120.614295891","87","87","87"
"27135.615790152","90","90","90"
"27150.61506372","77","77","77"
"27165.61560672","95","95","95"
"27180.615048242","87","87","87"
"27195.618037943","98","98","98"
"27210.614697777","94","94","94"
"27225.615326922","89","89","89"
"27240.614838567","79","79","79"
"27255.616117199","83","83","83"
"27270.615556911","73","73","73"
"27285.615112765","84","84","84"
"27300.615533663","88","88","88"
"27315.61988728","95","95","95"
"27330.615651502","88","88","88"
"27345.61512646","67","67","67"
"27360.614791845","92","92","92"
"27375.615737587","84","84","84"
"27390.615707801","88","88","88"
"27405.615116352","88","88","88"
"27420.615370193","96","96","96"
"27435.616252607","91","91","91"
"27450.615517012","85","85","85"
"27465.615106246","84","84","84"
"27480.614829468","96","96","96"
"27495.615695421","90","90","90"
"27510.618238621","91","91","91"
"27525.615244222","95","95","95"
"27540.615111619","88","88","88"
"27555.615269695","89","89","89"
"27570.616616807","90","90","90"
"27585.615709647","75","75","75"
"27600.615423497","92","92","92"
"27615.614911669","93","93","93"
"27630.615397266","88","88","88"
"27645.615646377","94","94","94"
"27660.614538328","92","92","92"
"27675.615185986","75","75","75"
"27690.615521064","90","90","90"
"27705.616343645","90","90","90"
"27720.614859036","89","89","89"
"27735.614711116","90","90","90"
"27750.614919887","87","87","87"
"27765.616572927","90","90","90"
"27780.616065354","94","94","94"
"27795.615258817","93","93","93"
"27810.615350701","76","76","76"
"27825.615897487","86","86","86"
"27840.617948251","75","75","75"
"27855.614692951","0","0","0"
"27870.615374953","91","91","91"
"27885.615313261","95","95","95"
"27900.615996387","67","67","67"
"27915.615238541","73","73","73"
"27930.614670294","77","77","77"
"27945.615283502","85","85","85"
"27960.621526751","89","89","89"
"27975.617224896","95","95","95"
"27990.615650746","83","83","83"
"28005.614886523","61","61","61"
"28020.615255004","94","94","94"
"28035.617216668","86","86","86"
"28050.615478656","84","84","84"
"28065.61483281","90","90","90"
"28080.61478867","85","85","85"
"28095.615724655","84","84","84"
"28110.615180479","93","93","93"
"28125.615580055","77","77","77"
"28140.615413804","84","84","84"
"28155.616272122","89","89","89"
"28170.615800095","91","91","91"
"28185.614707306","87","87","87"
"28200.615317393","75","75","75"
"28215.616210127","89","89","89"
"28230.615398571","73","73","73"
"28245.614792731","94","94","94"
"28260.614986638","90","90","90"
"28275.615309423","72","72","72"
"28290.617903149","92","92","92"
"28305.614811891","87","87","87"
"28320.615230134","88","88","88"
"28335.615290053","93","93","93"
"28350.61625833","91","91","91"
"28365.614880951","94","94","94"
"28380.614865928","87","87","87"
"28395.615532916","77","77","77"
"28410.616653544","82","82","82"
"28425.615282627","92","92","92"
"28440.615692593","85","85","85"
"28455.615446401","90","90","90"
"28470.616416731","88","88","88"
"28485.616469492","88","88","88"
"28500.614774057","89","89","89"
"28515.61544774","89","89","89"
"28530.615097292","90","90","90"
"28545.617800495","75","75","75"
"28560.615070792","85","85","85"
"28575.614766673","91","91","91"
"28590.615356711","91","91","91"
"28605.616475098","88","88","88"
"28620.615339902","88","88","88"
"28635.615078109","0","0","0"
"28650.615702674","64","64","64"
"28665.616121874","78","78","78"
"28680.615065861","81","81","81"
"28695.614719784","89","89","89"
"28710.615447715","94","94","94"
"28725.61650106","92","92","92"
"28740.615854606","87","87","87"
"28755.614778482","90","90","90"
"28770.614962014","65","65","65"
"28785.61586582","90","90","90"
"28800.616748495","78","78","78"
"28815.615475771","92","92","92"
"28830.614853085","78","78","78"
"28845.614953697","92","92","92"
"28860.618200931","91","91","91"
"28875.615807806","92","92","92"
"28890.615548873","61","61","61"
"28905.615780256","89","89","89"
"28920.61611949","86","86","86"
"28935.614926079","79","79","79"
"28950.6155187","100","100","100"
"28965.614622266","81","81","81"
"28980.616234358","90","90","90"
"28995.61564984","89","89","89"
"29010.615468098","87","87","87"
"29025.615005863","87","87","87"
"29040.616297738","97","97","97"
"29055.615683971","81","81","81"
"29070.615525984","89","89","89"
"29085.615204582","85","85","85"
"29100.616074421","96","96","96"
"29115.616986554","92","92","92"
"29130.614801597","90","90","90"
"29145.615492751","86","86","86"
"29160.61631768","100","100","100"
"29175.617904419","94","94","94"
"29190.615262012","92","92","92"
"29205.615223057","83","83","83"
"29220.615083224","83","83","83"
"29235.619031886","94","94","94"
"29250.614653386","79","79","79"
"29265.614554603","92","92","92"
"29280.615457883","94","94","94"
"29295.615527589","88","88","88"
"29310.615626229","97","97","97"
"29325.614636318","92","92","92"
"29340.615183464","91","91","91"
"29355.616292897","84","84","84"
"29370.615825813","89","89","89"
"29385.615316313","76","76","76"
"29400.615053763","86","86","86"
"29415.615905428","0","0","0"
"29430.616730155","80","80","80"
"29445.614937547","90","90","90"
"29460.615097103","90","90","90"
"29475.616005158","75","75","75"
"29490.617392485","98","98","98"
"29505.614549118","98","98","98"
"29520.615221804","83","83","83"
"29535.615371656","84","84","84"
"29550.615813749","92","92","92"
"29565.615700597","90","90","90"
"29580.614894253","88","88","88"
"29595.614794897","88","88","88"
"29610.615253984","80","80","80"
"29625.617395602","93","93","93"
"29640.615372736","84","84","84"
"29655.615265429","90","90","90"
"29670.614406781","74","74","74"
"29685.616453573","76","76","76"
"29700.616046118","83","83","83"
"29715.614911349","86","86","86"
"29730.615117674","98","98","98"
"29745.61503374","70","70","70"
"29760.616152149","70","70","70"
"29775.614917592","92","92","92"
"29790.615091494","80","80","80"
"29805.615045729","77","77","77"
"29820.616802444","84","84","84"
"29835.616173302","79","79","79"
"29850.615071068","88","88","88"
"29865.614883418","0","0","0"
"29880.615535009","93","93","93"
"29895.618910182","89","89","89"
"29910.61527956","96","96","96"
"29925.614838611","86","86","86"
"29940.614723217","76","76","76"
"29955.615414711","83","83","83"
"29970.615477148","75","75","75"
"29985.615229795","87","87","87"
"30000.615277441","79","79","79"
"30015.615978006","93","93","93"
"30030.617145152","89","89","89"
"30045.615324578","98","98","98"
"30060.615231172","86","86","86"
"30075.615406784","87","87","87"
"30090.615709052","93","93","93"
"30105.614789327","94","94","94"
"30120.615020512","85","85","85"
"30135.61468302","64","64","64"
"30150.616006631","83","83","83"
"30165.616090589","90","90","90"
"30180.615215415","77","77","77"
"30195.615308013","70","70","70"
"30210.616225078","87","87","87"
"30225.617623441","87","87","87"
"30240.615357697","92","92","92"
"30255.615176725","71","71","71"
"30270.615394868","82","82","82"
"30285.616352055","98","98","98"
"30300.614935739","94","94","94"
"30315.615426843","88","88","88"
"30330.614608694","69","69","69"
"30345.616419227","93","93","93"
"30360.614658221","80","80","80"
"30375.615128747","90","90","90"
"30390.615662908","88","88","88"
"30405.6143681","77","77","77"
"30420.617236499","67","67","67"
"30435.61486888","78","78","78"
"30450.615301086","92","92","92"
"30465.614559346","77","77","77"
"30480.615640014","92","92","92"
"30495.614665647","88","88","88"
"30510.61558363","78","78","78"
"30525.614882059","78","78","78"
"30540.620545084","72","72","72"
"30555.615963463","86","86","86"
"30570.614985906","93","93","93"
"30585.615046613","88","88","88"
"30600.615167623","88","88","88"
"30615.616402658","78","78","78"
"30630.61476697","88","88","88"
"30645.614779437","92","92","92"
"30660.615121239","89","89","89"
"30675.617846622","90","90","90"
"30690.615692371","90","90","90"
"30705.615263553","90","90","90"
"30720.615097314","91","91","91"
"30735.615410152","92","92","92"
"30750.615374919","96","96","96"
"30765.614986539","91","91","91"
"30780.615338471","91","91","91"
"30795.616342725","90","90","90"
"30810.616181458","92","92","92"
"30825.614963143","86","86","86"
"30840.614522741","67","67","67"
"30855.61570898","91","91","91"
"30870.617109776","89","89","89"
"30885.618732443","91","91","91"
"30900.614356155","94","94","94"
"30915.614563249","90","90","90"
"30930.618004738","92","92","92"
"30945.615534326","96","96","96"
"30960.614962668","79","79","79"
"30975.615351982","98","98","98"
"30990.616578893","96","96","96"
"31005.615581061","96","96","96"
"31020.614743528","85","85","85"
"31035.615035382","93","93","93"
"31050.616409281","93","93","93"
"31065.616011995","92","92","92"
"31080.615809622","93","93","93"
"31095.614742051","87","87","87"
"31110.61636667","79","79","79"
"31125.617159718","85","85","85"
"31140.615359163","95","95","95"
"31155.615164088","88","88","88"
"31170.615621019","89","89","89"
"31185.618525187","93","93","93"
"31200.61508502","90","90","90"
"31215.615024161","92","92","92"
"31230.615341724","88","88","88"
"31245.61596529","68","68","68"
"31260.615062136","82","82","82"
"31275.615401296","92","92","92"
"31290.61467202","91","91","91"
"31305.616076149","90","90","90"
"31320.615495957","96","96","96"
"31335.615266416","92","92","92"
"31350.615487249","90","90","90"
"31365.619202063","87","87","87"
"31380.616751377","70","70","70"
"31395.614710411","89","89","89"
"31410.614966671","94","94","94"
"31425.615262613","99","99","99"
"31440.618190176","85","85","85"
"31455.614918726","89","89","89"
"31470.615409944","76","76","76"
"31485.615279472","95","95","95"
"31500.615943092","85","85","85"
"31515.615186869","91","91","91"
"31530.615126596","70","70","70"
"31545.615756315","91","91","91"
"31560.616375017","91","91","91"
"31575.61577216","89","89","89"
"31590.615207231","87","87","87"
"31605.615144048","91","91","91"
"31620.615703162","84","84","84"
"31635.615131896","87","87","87"
"31650.615381426","79","79","79"
"31665.615610742","87","87","87"
"31680.615463578","94","94","94"
"31695.614919202","87","87","87"
"31710.615145275","88","88","88"
"31725.615495145","85","85","85"
"31740.615706215","86","86","86"
"31755.614966902","91","91","91"
"31770.614949451","93","93","93"
"31785.614943951","85","85","85"
"31800.618730347","94","94","94"
"31815.615378719","91","91","91"
"31830.614424023","89","89","89"
"31845.615448112","69","69","69"
"31860.617748761","86","86","86"
"31875.615330464","86","86","86"
"31890.614903741","92","92","92"
"31905.614690884","88","88","88"
"31920.617560518","95","95","95"
"31935.615208443","92","92","92"
"31950.615042822","87","87","87"
"31965.615513589","88","88","88"
"31980.616778157","94","94","94"
"31995.615153208","91","91","91"
"32010.615049556","86","86","86"
"32025.614834136","94","94","94"
"32040.61827428","92","92","92"
"32055.614982068","85","85","85"
"32070.614707959","77","77","77"
"32085.61582388","93","93","93"
"32100.616979502","88","88","88"
"32115.615006359","85","85","85"
"32130.61467653","92","92","92"
"32145.614819461","82","82","82"
"32160.616720714","98","98","98"
"32175.615463305","78","78","78"
"32190.61468082","85","85","85"
"32205.614633042","89","89","89"
"32220.616028766","90","90","90"
"32235.615361839","94","94","94"
"32250.61559037","89","89","89"
"32265.615056841","77","77","77"
"32280.615648303","90","90","90"
"32295.615387929","91","91","91"
"32310.615033896","94","94","94"
"32325.614847689","87","87","87"
"32340.616297171","69","69","69"
"32355.615501742","90","90","90"
"32370.615452363","88","88","88"
"32385.614963611","87","87","87"
"32400.62072554","77","77","77"
"32415.615888345","78","78","78"
"32430.614516256","85","85","85"
"32445.615524815","85","85","85"
"32460.616084685","92","92","92"
"32475.615766739","91","91","91"
"32490.615358726","84","84","84"
"32505.614724576","85","85","85"
"32520.616287855","89","89","89"
"32535.616051322","89","89","89"
"32550.615058836","81","81","81"
"32565.615188579","89","89","89"
"32580.6153639","89","89","89"
"32595.617104793","89","89","89"
"32610.614687982","89","89","89"
"32625.614795205","82","82","82"
"32640.616001922","88","88","88"
"32655.618115549","95","95","95"
"32670.615519197","79","79","79"
"32685.615744142","90","90","90"
"32700.614885691","88","88","88"
"32715.618787731","86","86","86"
"32730.614705129","91","91","91"
"32745.614676063","88","88","88"
"32760.615366809","94","94","94"
"32775.615937508","93","93","93"
"32790.61565205","93","93","93"
"32805.615306536","74","74","74"
"32820.615097773","84","84","84"
"32835.615503219","95","95","95"
"32850.615440672","91","91","91"
"32865.615815023","89","89","89"
"32880.615227973","80","80","80"
"32895.616494392","88","88","88"
"32910.615881011","71","71","71"
"32925.615438439","87","87","87"
"32940.615275982","86","86","86"
"32955.615811249","82","82","82"
"32970.616386414","84","84","84"
"32985.614846359","92","92","92"
"33000.61487487","89","89","89"
"33015.614850709","93","93","93"
"33030.616218002","90","90","90"
"33045.615380744","90","90","90"
"33060.615243988","95","95","95"
"33075.61503443","99","99","99"
"33090.615978333","87","87","87"
"33105.61480021","93","93","93"
"33120.614679091","86","86","86"
"33135.615326749","94","94","94"
"33150.616276747","72","72","72"
"33165.615083206","96","96","96"
"33180.61448475","92","92","92"
"33195.614846578","82","82","82"
"33210.616216323","94","94","94"
"33225.614798839","88","88","88"
"33240.614581735","94","94","94"
"33255.615143537","85","85","85"
"33270.616340132","78","78","78"
"33285.615768969","81","81","81"
"33300.615640458","82","82","82"
"33315.615288889","93","93","93"
"33330.616973277","91","91","91"
"33345.616522096","77","77","77"
"33360.614450533","91","91","91"
"33375.614714121","90","90","90"
"33390.615158158","96","96","96"
"33405.616847343","88","88","88"
"33420.614945965","91","91","91"
"33435.614872314","84","84","84"
"33450.615917347","94","94","94"
"33465.617777147","92","92","92"
"33480.615431939","91","91","91"
"33495.615311273","98","98","98"
"33510.615272301","85","85","85"
"33525.616228736","88","88","88"
"33540.614792907","74","74","74"
"33555.615074112","85","85","85"
"33570.615150174","93","93","93"
"33585.61619213","85","85","85"
"33600.615369783","89","89","89"